行标签,计数项:CDR3
A*01,7
A*01:01,466
A*02,664
A*02:01,6638
A*02:01:110,2
A*02:01:48,42
A*02:01:59,10
A*02:01:98,4
A*02:02,1
A*02:03,1
A*02:04,1
A*02:05,1
A*02:06,1
A*02:07,1
A*02:08,1
A*02:09,1
A*02:10,1
A*02:11,1
A*02:12,1
A*02:13,2
A*02:14,2
A*02:15,2
A*02:16,1
A*02:17,1
A*02:256,2
A*03,21
A*03:01,14324
A*11,27
A*11:01,2432
A*24:02,175
A*24:02:84,6
B*07,24
B*07:02,2929
B*08,206
B*08:01,1272
B*08:01:29,8
B*12,2
B*15,18
B*18,3
B*27,73
B*27:05,215
B*27:05:31,4
B*35,10
B*35:01,166
B*35:02,2
B*35:08,48
B*35:08:01,9
B*35:42:01,6
B*42,2
B*42:01,373
B*44:03:08,35
B*44:05,4
B*44:05:01,6
B*51:01,23
B*51:193,2
B*57,46
B*57:01,166
B*57:03,74
B*57:06,2
B*58,1
B*81:01,15
C*07:02,1455
C*16:01,4
E*01:01:01:03,2
总计,32044
